<?xml version="1.0" encoding="UTF-8"?>
<teamcity-plugin xmlns:xsi="http://www.w3.org/2001/XMLSchema-instance" xsi:noNamespaceSchemaLocation="urn:shemas-jetbrains-com:teamcity-plugin-v1-xml">
  <info>
    <name>TeamCityRallyIntegrator</name>
    <display-name>Rally Integrator</display-name>
    <version>1.0.1306060206</version>
    <description>Integrates builds from Team City into Rally for complete lifecycle management.</description>

    <vendor>
      <name>OpenSource</name>
      <url/>
    </vendor>
  </info>
</teamcity-plugin>
